{"prof_x": [1, 2, 3, 4, 5, 6, 7, 8, 9, 10, 11, 12, 13, 14, 15, 16, 17, 18, 19, 20, 21, 22, 23, 24, 25, 26, 28, 29, 30, 31, 33, 34, 35, 37, 38, 40, 42, 44, 45, 47, 49, 51, 54, 56, 58, 61, 63, 66, 69, 72, 75, 78, 81, 85, 88, 92, 96, 100, 104, 108, 113, 118, 123, 128, 133, 139, 145, 151, 157, 164, 171, 178, 185, 193, 201, 210, 219, 228, 238, 248, 258, 269, 280, 292, 304, 317, 330, 344, 359, 374, 389, 406, 423, 441, 459, 479, 499, 520, 541, 564, 588, 613, 638, 665, 693, 722, 753, 784, 817, 852, 887, 925, 964, 1004, 1046, 1090, 1136, 1184, 1234, 1285, 1339, 1396, 1454, 1516, 1579, 1646, 1715, 1787, 1862, 1940, 2022, 2106, 2195, 2287, 2383, 2483, 2588, 2696, 2810, 2928, 3051, 3179, 3312, 3452, 3597, 3748, 3905, 4069, 4240, 4418, 4604, 4797, 4999, 5209, 5428, 5656, 5893, 6141, 6399, 6667, 6948, 7239, 7543, 7860, 8190], "prof_y": [0.0913216082, 0.0565643151, 0.0438089034, 0.0341583749, 0.029695021, 0.0257364717, 0.0212862596, 0.0182591319, 0.0162056409, 0.0148278256, 0.0130192299, 0.0122758676, 0.0109753413, 0.010476536, 0.0100514661, 0.0092891921, 0.007974488, 0.0076766044, 0.0072006938, 0.0074318934, 0.007107294, 0.0067737818, 0.0059583896, 0.005632078, 0.0054814784, 0.0052484485, 0.0049241284, 0.0050932237, 0.0049962695, 0.0042511239, 0.0042046701, 0.0039643321, 0.0036495369, 0.0036093939, 0.003491451, 0.0041200252, 0.0032877484, 0.0031411599, 0.0029328397, 0.0029797298, 0.0029977301, 0.0032579968, 0.0029973787, 0.0029303052, 0.0031200172, 0.0026121145, 0.002870515, 0.0022860916, 0.002059387, 0.0019869859, 0.0023356675, 0.0021449271, 0.0017996001, 0.0018702084, 0.0016028019, 0.0015679418, 0.0016182005, 0.0015994488, 0.0015477162, 0.0014525048, 0.0011426573, 0.0015412786, 0.0011651913, 0.0010142879, 0.0009409055, 0.0010496469, 0.0008930208, 0.0008267671, 0.0007518608, 0.0005981599, 0.0006816275, 0.0005622171, 0.0005317556, 0.0004410748, 0.0004964177, 0.00052507, 0.0004302485, 0.000403172, 0.0003438968, 0.0003725497, 0.0004020863, 0.0003597855, 0.0003724299, 0.0003291254, 0.0003075162, 0.0002102965, 0.000201425, 0.0001483892, 0.0001417519, 0.0001449835, 0.0001514794, 0.0001200794, 8.88609e-05, 8.2517e-05, 8.02005e-05, 7.43391e-05, 7.0511e-05, 5.32291e-05, 5.00681e-05, 6.93234e-05, 6.32786e-05, 6.26851e-05, 4.18771e-05, 3.53967e-05, 2.83534e-05, 2.42938e-05, 3.29806e-05, 1.80195e-05, 1.99362e-05, 1.38153e-05, 1.48354e-05, 9.2553e-06, 9.5589e-06, 9.2827e-06, 6.5409e-06, 4.9637e-06, 4.5325e-06, 4.1225e-06, 3.144e-06, 3.5501e-06, 2.5729e-06, 2.945e-06, 2.3423e-06, 1.4887e-06, 1.3018e-06, 2.0279e-06, 1.4786e-06, 7.38e-07, 4.529e-07, 2.139e-07, 1.54e-07, 1.195e-07, 9.16e-08, 6.71e-08, 3.69e-08, 2.08e-08, 1.4e-08, 1.28e-08, 1.07e-08, 7.7e-09, 2.3e-09, 1.7e-09, 3.4e-09, 5e-10, 3e-10, 2e-10, 1e-10, 0.0, 0.0, 0.0, 0.0, 0.0, 0.0, 0.0, 0.0, 0.0, 0.0, 0.0, 0.0, 0.0, 0.0, 0.0, 0.0, 0.0, 0.0], "blocks_agg": [0.0, 0.0, 0.0, 0.0, 0.0, 0.0, 0.0, 0.0, 0.0, 0.0001, 0.0004, 0.0021, 0.0298, 0.2477, 1.7265, 97.9935], "by_head": [[0.0, 0.0, 0.0, 0.0, 0.0, 0.0, 0.0, 0.0, 0.0, 0.0, 0.0, 0.0, 0.0, 0.0, 0.0, 100.0], [0.0, 0.0, 0.0, 0.0, 0.0, 0.0, 0.0, 0.0, 0.0, 0.0, 0.0, 0.0, 0.0, 0.0, 0.0, 100.0], [0.0, 0.0, 0.0, 0.0, 0.0, 0.0, 0.0, 0.0, 0.0, 0.0, 0.0, 0.0, 0.0, 0.0, 0.0, 100.0], [0.0, 0.0, 0.0, 0.0, 0.0, 0.0, 0.0, 0.0, 0.0, 0.0, 0.0, 0.0, 0.0, 0.0, 0.0, 100.0], [0.0, 0.0, 0.0, 0.0, 0.0, 0.0, 0.0, 0.0, 0.0, 0.0, 0.0, 0.0, 0.0, 0.0, 0.0, 100.0], [0.0, 0.0, 0.0, 0.0, 0.0, 0.0, 0.0, 0.0, 0.0, 0.0, 0.0, 0.0, 0.0, 0.0, 0.0345, 99.9654], [0.0, 0.0, 0.0, 0.0, 0.0, 0.0, 0.0, 0.0, 0.0, 0.0, 0.0, 0.0, 0.0008, 0.0481, 2.2759, 97.6751], [0.0, 0.0, 0.0, 0.0, 0.0, 0.0, 0.0, 0.0, 0.0001, 0.0005, 0.003, 0.0167, 0.2374, 1.9338, 11.5012, 86.3073]], "slopes": [0.5, 0.25, 0.125, 0.0625, 0.03125, 0.015625, 0.007812, 0.003906], "d99": 643, "frac6k": 0.002, "final_train_loss": 3.152}
